,Pclass,Age,Parch,Fare,Embarked_C,interaction4,interaction5,interaction7,Ratio4
0,1,-1.9665183394532224,2,1.5021989568725875,False,-2.954101798197444,1.5021989568725875,1.5021989568725875,0.0
1,3,-0.0431026447727782,0,-0.8019236166026618,False,0.0345650287813261,-2.4057708498079853,-0.8019236166026618,-0.0
2,3,-2.197328222814876,1,-0.4814557804928133,False,1.0579163745142224,-1.44436734147844,-0.0,-2.077033946869243
3,2,0.4954537497377461,2,0.4092826615690944,False,0.2027806293770527,0.8185653231381889,0.4092826615690944,0.0
4,2,1.0340101442482703,1,0.3539558601651709,False,0.3659939500269091,0.7079117203303419,0.3539558601651709,0.0
5,1,0.6493270053121817,1,2.14527242190355,False,1.3929833172934434,2.14527242190355,2.14527242190355,0.0
6,2,0.1107706108016572,1,0.3539558601651709,False,0.0392079068273219,0.7079117203303419,0.0,2.825211029232168
7,3,-0.0431026447727782,0,-0.7841792430073967,False,0.0338001993495339,-2.35253772902219,-0.7841792430073967,-0.0
8,3,-0.8894055504321737,0,-0.7560434444325566,False,0.6724292358461745,-2.2681303332976697,-0.7560434444325566,-0.0
9,2,-0.0431026447727782,0,-0.1926030564769894,True,0.008301701125479,-0.3852061129539788,-0.1926030564769894,-0.0
10,1,0.7262636330993993,1,1.812289926928167,True,1.3162002665602954,1.812289926928167,0.0,0.5517880914865542
11,2,0.7262636330993993,0,-0.3336984726090336,False,-0.2423530650767571,-0.6673969452180673,-0.3336984726090336,-0.0
12,3,-0.2739125281344315,0,-0.7165619336211217,False,0.1962752908030582,-2.149685800863365,-0.7165619336211217,-0.0
13,3,-0.7355322948577382,0,-0.9050797531497118,False,0.6657153878634827,-2.7152392594491355,-0.9050797531497118,-0.0
14,1,-0.0431026447727782,0,2.003535801391161,False,-0.0863576919369068,2.003535801391161,0.0,0.4991176096307573
15,3,1.4956299109715772,0,-3.0585777291682934,False,-4.574500336775623,-9.17573318750488,-3.0585777291682934,-0.0
16,2,-0.5047224114960849,0,-0.1928732839633732,True,0.0973474689951629,-0.3857465679267465,-0.1928732839633732,-0.0
17,3,-2.197328222814876,1,0.7678594338107121,False,-1.6872392050669287,2.303578301432136,0.7678594338107121,0.0
18,3,-0.0431026447727782,0,-0.8038521494426432,False,0.0346481536472605,-2.411556448327929,-0.0,-1.244009860138282
19,3,-0.0431026447727782,2,0.242006638024377,False,-0.010431126151419,0.726019914073131,0.242006638024377,0.0
20,2,-2.0434549672404403,1,0.3444394801955362,False,-0.7038465667192837,0.6888789603910724,0.3444394801955362,0.0
21,3,-1.9665183394532224,1,-0.4814557804928133,False,0.9467916219748824,-1.44436734147844,-0.4814557804928133,-0.0
22,3,-0.812468922644956,0,-0.830854756854953,False,0.6750436691763805,-2.492564270564859,-0.830854756854953,-0.0
23,3,0.841668574780226,0,-0.8189865811572414,False,-0.6893152685267453,-2.4569597434717245,-0.8189865811572414,-0.0
24,3,-2.197328222814876,2,-0.1490371552690002,True,0.3274835475206169,-0.4471114658070007,-0.0,-6.709736227822381
25,3,-0.0431026447727782,2,-0.1800831698720664,True,0.0077620609005515,-0.5402495096161992,-0.0,-5.552989769729253
26,3,-0.6585956670705204,0,-0.798539974052802,False,0.5259149668937811,-2.395619922158406,-0.798539974052802,-0.0
27,1,1.880313049907666,0,1.038145562232327,False,1.952038648369176,1.038145562232327,1.038145562232327,0.0
28,3,-0.0431026447727782,0,-0.1640522996256444,False,0.0070710879949215,-0.4921568988769333,-0.1640522996256444,-0.0
29,2,-0.3508491559216493,2,0.8147822510349934,True,-0.2858656650355688,1.6295645020699867,0.8147822510349934,0.0
30,3,-0.2739125281344315,0,-0.2316612596882322,True,0.0634549213120107,-0.6949837790646967,-0.2316612596882322,-0.0
31,3,-0.5816590392833026,0,-0.5353074585700541,False,0.311366422073044,-1.6059223757101624,-0.0,-1.8680853105825592
32,3,0.1107706108016572,1,0.1104479417286699,False,0.0122343859670706,0.3313438251860098,0.0,9.05403925458958
33,1,1.4956299109715772,0,1.588760118059578,True,2.376197153928639,1.588760118059578,1.588760118059578,0.0
34,2,-0.812468922644956,1,0.6904870950626278,False,-0.5609993062257785,1.3809741901252557,0.6904870950626278,0.0
35,2,-0.4277857837088671,0,-0.5368057694182641,False,0.2296378767700335,-1.0736115388365282,-0.5368057694182641,-0.0
36,3,-1.0432788060066092,0,-0.7841792430073967,False,0.8181175843399234,-2.35253772902219,-0.7841792430073967,-0.0
37,1,-0.3508491559216493,0,1.1057901177672145,True,-0.3879655294451283,1.1057901177672145,1.1057901177672145,0.0
38,3,0.7262636330993993,0,0.2711522804976662,False,0.1969280403574224,0.8134568414929986,0.2711522804976662,0.0
39,3,1.3417566553971416,0,-0.2286058134653583,False,-0.306733371679622,-0.6858174403960748,-0.0,-4.374341950632566
40,1,2.3419328166309725,0,0.365260935704026,False,0.8554165719585943,0.365260935704026,0.365260935704026,0.0
41,2,-0.4277857837088671,0,-0.3336984726090336,False,0.1427514626275073,-0.6673969452180673,-0.3336984726090336,-0.0
42,1,-0.0431026447727782,0,1.0011105492142125,False,-0.0431505123810611,1.0011105492142125,1.0011105492142125,0.0
43,2,-0.1969759003472138,0,0.1329851701219792,False,-0.0261948736176042,0.2659703402439584,0.0,7.519635453207008
44,2,-0.0431026447727782,0,-0.2719703716509067,True,0.0117226423179895,-0.5439407433018135,-0.2719703716509067,-0.0
45,3,0.6493270053121817,0,-0.8019236166026618,False,-0.5207106604577205,-2.4057708498079853,-0.8019236166026618,-0.0
46,3,1.1109467720354882,0,-0.7841792430073967,False,-0.8711813987163001,-2.35253772902219,-0.7841792430073967,-0.0
47,2,-0.6585956670705204,0,-0.5368057694182641,False,0.3535379537973256,-1.0736115388365282,-0.0,-1.8628711853892683
48,3,-0.4277857837088671,2,-0.0915650042440226,False,0.0391702071008349,-0.2746950127320678,-0.0,-10.921203010431578
49,2,1.187883399822706,0,-0.2974659859684506,False,-0.3533549067438165,-0.5949319719369013,-0.0,-3.3617288939585195
50,2,-1.658771828304351,1,0.6904870950626278,False,-1.1453605410975956,1.3809741901252557,0.6904870950626278,0.0
51,3,-1.658771828304351,1,0.1364991380659541,False,-0.2264209248116307,0.4094974141978623,0.0,7.326053586630098
52,1,-0.0431026447727782,0,0.6414769499431594,False,-0.0276493531033252,0.6414769499431594,0.6414769499431594,0.0
53,3,0.187707238588875,0,-0.7841792430073967,False,-0.1471961202636328,-2.35253772902219,-0.7841792430073967,-0.0
54,1,1.5725665387587948,0,1.114140203521088,False,1.7520596035431768,1.114140203521088,1.114140203521088,0.0
55,3,-0.6585956670705204,0,-0.8131032608653792,False,0.5355062844868498,-2.439309782596138,-0.8131032608653792,-0.0
56,2,1.5725665387587948,0,-0.5368057694182641,False,-0.8441627907998313,-1.0736115388365282,-0.0,-1.8628711853892683
57,3,-0.5047224114960849,0,-0.798539974052802,False,0.4030410213799512,-2.395619922158406,-0.0,-1.2522854615840144
58,3,0.187707238588875,0,-0.806763380796033,False,-0.1514353264038484,-2.420290142388099,-0.806763380796033,-0.0
59,3,-0.0431026447727782,0,-0.8189865811572414,False,0.0353004876812927,-2.4569597434717245,-0.0,-1.2210212267299712
60,3,-0.6585956670705204,2,0.6233938271906204,False,-0.4105644734662514,1.8701814815718607,0.0,1.6041223964417304
61,3,-0.0431026447727782,0,-0.8189865811572414,False,0.0353004876812927,-2.4569597434717245,-0.8189865811572414,-0.0
62,3,-0.3508491559216493,0,-0.8828741679067217,True,0.3097556565951018,-2.648622503720165,-0.8828741679067217,-0.0
63,3,-1.120215433793827,1,-0.8823470582632056,True,0.988418792629024,-2.6470411747896168,-0.8823470582632056,-0.0
64,3,0.1107706108016572,0,-0.018385836972892,False,-0.0020366103915869,-0.0551575109186761,-0.0,-54.38969144969541
65,2,-0.3508491559216493,0,-0.3336984726090336,False,0.117077827447223,-0.6673969452180673,-0.3336984726090336,-0.0
66,2,1.880313049907666,0,0.3444394801955362,False,0.6476540495150798,0.6888789603910724,0.3444394801955362,0.0
67,1,-0.120039272559996,0,0.940663265248102,False,-0.1129165340842927,0.940663265248102,0.940663265248102,0.0
68,1,0.6493270053121817,0,1.4787785499834798,False,0.9602108473806632,1.4787785499834798,0.0,0.6762337741585253
69,2,0.8801368886738349,1,0.0600711254399584,False,0.0528708134438606,0.1201422508799169,0.0,16.646932992782155
70,3,0.2646438663760928,0,-0.7165619336211217,True,-0.1896337206114228,-2.149685800863365,-0.7165619336211217,-0.0
71,2,1.7264397943332304,0,-0.2974659859684506,False,-0.5135571156365035,-0.5949319719369013,-0.2974659859684506,-0.0
72,3,-1.0432788060066092,1,0.0971716406458445,False,-0.1013771132306999,0.2915149219375335,0.0971716406458445,0.0
73,3,-0.7355322948577382,0,-0.7841792430073967,False,0.5767891581890344,-2.35253772902219,-0.7841792430073967,-0.0
74,3,-1.5818352005171337,2,0.5322916934007406,False,-0.8419977375641651,1.5968750802022216,0.5322916934007406,0.0
75,3,-0.0431026447727782,0,-0.7770730902669089,False,0.0334939053722596,-2.3312192708007267,-0.7770730902669089,-0.0
76,3,-0.0431026447727782,0,-0.809682843697731,False,0.0348994719905162,-2.4290485310931933,-0.809682843697731,-0.0
77,3,-0.0431026447727782,0,-0.8019236166026618,False,0.0345650287813261,-2.4057708498079853,-0.8019236166026618,-0.0
78,1,1.880313049907666,0,1.1757752036108362,True,2.210825459107298,1.1757752036108362,0.0,0.8505027125329518
79,3,-0.2739125281344315,0,-0.8019236166026618,False,0.2196569251943417,-2.4057708498079853,-0.8019236166026618,-0.0
80,1,2.3419328166309725,1,1.4685301291949246,True,3.439198901772916,1.4685301291949246,1.4685301291949246,0.0
81,3,-0.0431026447727782,0,1.1248955097361604,False,-0.048485971562651,3.374686529208481,1.1248955097361604,0.0
82,1,1.1109467720354882,1,1.1511968252901217,True,1.2789183970335625,1.1511968252901217,0.0,0.8686611863683541
83,3,-0.7355322948577382,0,-0.798539974052802,False,0.5873519396506961,-2.395619922158406,-0.798539974052802,-0.0
84,3,-0.0431026447727782,1,0.3238411962475482,False,-0.0139584120446496,0.9715235887426448,0.3238411962475482,0.0
85,2,-1.0432788060066092,0,-0.5368057694182641,False,0.5600380821761457,-1.0736115388365282,-0.5368057694182641,-0.0
86,3,1.0340101442482703,6,0.936361092700485,False,0.9682068685316968,2.809083278101455,0.0,1.0679640662086665
87,3,-0.9663421782193916,0,-0.7165619336211217,False,0.6924440197645338,-2.149685800863365,-0.7165619336211217,-0.0
88,1,0.5723903775249639,1,1.0515683442816504,False,0.6019076015766751,1.0515683442816504,1.0515683442816504,0.0
89,2,2.4958060722054083,0,-0.5368057694182641,False,-1.3397630989089997,-1.0736115388365282,-0.5368057694182641,-0.0
90,3,-1.658771828304351,1,0.457519539438721,False,-0.758920522919732,1.3725586183161629,0.457519539438721,0.0
91,3,0.187707238588875,0,1.1248955097361604,False,0.2111510298335996,3.374686529208481,1.1248955097361604,0.0
92,3,-0.7355322948577382,0,-0.5992616204389827,False,0.4407762749016518,-1.797784861316948,-0.0,-1.66872024820722
93,2,-0.120039272559996,0,-0.3336984726090336,False,0.0400569219063701,-0.6673969452180673,-0.0,-2.9967173424003524
94,3,-0.6585956670705204,0,-0.8189865811572414,False,0.5393810137390583,-2.4569597434717245,-0.0,-1.2210212267299712
95,3,0.5723903775249639,0,-0.798539974052802,False,-0.4570765972168582,-2.395619922158406,-0.798539974052802,-0.0
96,3,-0.9663421782193916,0,-0.2313873684347229,True,0.223599373625663,-0.6941621053041689,-0.0,-4.321757089700908
97,3,-0.0431026447727782,0,-0.8189865811572414,False,0.0353004876812927,-2.4569597434717245,-0.0,-1.2210212267299712
98,1,1.2648200276099235,0,1.2056809915054134,False,1.5249694649646373,1.2056809915054134,1.2056809915054134,0.0
99,3,-0.0431026447727782,0,-0.1893914833819289,False,0.0081632738312008,-0.5681744501457867,-0.1893914833819289,-0.0
100,3,-0.4277857837088671,0,-0.7841792430073967,False,0.3354607320381453,-2.35253772902219,-0.7841792430073967,-0.0
101,1,-0.0431026447727782,0,1.2920564383571118,False,-0.0556910496888876,1.2920564383571118,1.2920564383571118,0.0
102,1,2.034186305482101,1,1.5182728441543658,True,3.088449827564172,1.5182728441543658,0.0,0.6586431443137424
103,2,0.1107706108016572,1,0.6974165471111633,True,0.0772532569066863,1.3948330942223266,0.6974165471111633,0.0
104,3,-0.0431026447727782,0,-0.8189865811572414,False,0.0353004876812927,-2.4569597434717245,-0.8189865811572414,-0.0
105,2,0.187707238588875,0,0.3444394801955362,False,0.0646537836884916,0.6888789603910724,0.3444394801955362,0.0
106,3,0.2646438663760928,1,0.1104479417286699,False,0.0292293703323566,0.3313438251860098,0.1104479417286699,0.0
107,3,2.264996188843755,0,-0.8797405693934278,False,-1.9926090368473488,-2.639221708180284,-0.8797405693934278,-0.0
108,1,2.1880595610565368,0,0.365260935704026,False,0.7992126826476512,0.365260935704026,0.0,2.737768817441535
109,3,-0.0431026447727782,0,-0.1271726679199301,False,0.0054814783301592,-0.3815180037597904,-0.0,-7.863324850821054
110,2,-2.0434549672404403,2,0.8147822510349934,True,-1.6649708380968045,1.6295645020699867,0.0,1.2273217767443143
111,3,-0.0431026447727782,0,-0.8019236166026618,True,0.0345650287813261,-2.4057708498079853,-0.8019236166026618,-0.0
112,1,-1.0432788060066092,1,1.1511968252901217,True,-1.201019249367277,1.1511968252901217,0.0,0.8686611863683541
113,3,1.187883399822706,4,0.4146557174979072,False,0.4925626434573376,1.2439671524937217,0.0,2.4116392414269487
114,1,1.0340101442482703,1,2.473846735064164,False,2.557982619371809,2.473846735064164,0.0,0.40422876074983
115,1,0.0338339830144394,0,1.7703041212742283,True,0.0598964395695844,1.7703041212742283,0.0,0.5648746946825276
116,3,-0.0815709586663871,0,-0.1271726679199301,False,0.0103735964383908,-0.3815180037597904,-0.1271726679199301,-0.0
117,3,-0.4277857837088671,0,-0.8135961720983267,False,0.348044876103617,-2.44078851629498,-0.8135961720983267,-0.0
118,2,0.0338339830144394,0,-0.3336984726090336,False,-0.0112903484541984,-0.6673969452180673,-0.3336984726090336,-0.0
119,1,0.4954537497377461,0,0.7789025328484201,True,0.3859101805799777,0.7789025328484201,0.7789025328484201,0.0
120,3,-0.3508491559216493,0,-0.9050797531497118,False,0.3175464674343511,-2.7152392594491355,-0.9050797531497118,-0.0
121,3,-0.0431026447727782,2,-0.8189865811572414,False,0.0353004876812927,-2.4569597434717245,-0.0,-1.2210212267299712
122,1,1.5725665387587948,0,0.4432836100273541,True,0.6970929723092196,0.4432836100273541,0.0,2.2558921137153978
123,3,-2.21656237976168,1,0.047825129435189,True,-0.106007382713273,0.1434753883055671,0.0,20.90950953630277
124,1,-0.4277857837088671,0,0.9910237262754292,True,-0.4239458614188163,0.9910237262754292,0.0,1.00905757701514
125,2,-0.4277857837088671,2,1.2673242399099218,False,-0.5421432931831103,2.534648479819844,0.0,0.7890640520464419
126,1,0.4185171219505283,0,1.0408277503255374,False,0.435604234512487,1.0408277503255374,0.0,0.9607737684619114
127,1,0.0338339830144394,0,1.5584783893656835,False,0.0527295313541695,1.5584783893656835,0.0,0.6416515024035784
128,2,-0.5047224114960849,0,-0.3336984726090336,False,0.1684250978077917,-0.6673969452180673,-0.3336984726090336,-0.0
129,3,-0.0431026447727782,0,-0.8019236166026618,False,0.0345650287813261,-2.4057708498079853,-0.8019236166026618,-0.0
130,2,-0.1969759003472138,0,0.3444394801955362,False,-0.067846276726642,0.6888789603910724,0.3444394801955362,0.0
131,2,1.957249677694884,0,-0.1332285205737305,False,-0.2607614789527003,-0.2664570411474611,-0.0,-7.505900355972097
132,1,0.4185171219505283,0,1.0620380556287106,False,0.444481110443663,1.0620380556287106,0.0,0.9415858449705128
133,3,-0.0431026447727782,0,-0.929965334854104,False,0.0400839654792142,-2.789896004562312,-0.929965334854104,-0.0
134,1,-0.0431026447727782,0,1.4685301291949246,True,-0.063297532496811,1.4685301291949246,0.0,0.6809530019981398
135,3,-0.0431026447727782,0,0.0833137463231359,False,-0.0035910428124554,0.2499412389694077,0.0833137463231359,0.0
136,2,-0.5047224114960849,0,-0.2769007052339032,True,0.1397579916906222,-0.5538014104678064,-0.0,-3.6114028642696354
137,3,-0.0431026447727782,0,-0.8209591021193487,False,0.0353855085516292,-2.4628773063580462,-0.0,-1.2180874752694109
138,1,-0.5047224114960849,0,1.834129231109428,True,-0.9257261285210104,1.834129231109428,0.0,0.5452178521767085
139,3,1.6495031665460127,0,-0.7841792430073967,False,-1.2935061444803562,-2.35253772902219,-0.7841792430073967,-0.0
140,2,0.2646438663760928,2,0.3444394801955362,False,0.0911537957715183,0.6888789603910724,0.0,2.903267649319137
141,3,-0.0431026447727782,4,0.1364991380659541,False,-0.0058834738598472,0.4094974141978623,0.0,7.326053586630098
142,3,-0.0431026447727782,0,-0.8019236166026618,True,0.0345650287813261,-2.4057708498079853,-0.8019236166026618,-0.0
143,3,-0.0431026447727782,2,1.3361591794576348,False,-0.0575919944720493,4.0084775383729045,1.3361591794576348,0.0
144,2,-2.120391595027658,1,0.3444394801955362,False,-0.7303465788023105,0.6888789603910724,0.0,2.903267649319137
145,2,-1.1971520615810447,0,0.4894379098126231,True,-0.5859316027480992,0.9788758196252462,0.0,2.0431600821089666
146,2,1.880313049907666,0,0.3444394801955362,False,0.6476540495150798,0.6888789603910724,0.3444394801955362,0.0
147,3,-1.120215433793827,0,-0.7865550587251358,False,0.881111116312507,-2.359665176175408,-0.0,-1.271366815211665
148,1,-0.5816590392833026,1,1.0976780669265336,False,-0.6384743698508403,1.0976780669265336,0.0,0.9110139212309952
149,2,-0.1969759003472138,0,-0.3336984726090336,False,0.0657305570866544,-0.6673969452180673,-0.3336984726090336,-0.0
150,3,-0.0431026447727782,0,-0.8019236166026618,False,0.0345650287813261,-2.4057708498079853,-0.8019236166026618,-0.0
151,1,-0.0431026447727782,0,0.7656365698356679,True,-0.0330009610946752,0.7656365698356679,0.7656365698356679,0.0
152,2,-0.120039272559996,0,0.2649756723419896,True,-0.0318074869540283,0.5299513446839793,0.0,3.773931361930293
153,3,0.7262636330993993,0,-0.798539974052802,False,-0.579950542730688,-2.395619922158406,-0.798539974052802,-0.0
154,2,-2.120391595027658,1,0.3444394801955362,False,-0.7303465788023105,0.6888789603910724,0.3444394801955362,0.0
155,3,-0.4277857837088671,0,-0.1271726679199301,False,0.0544026594124748,-0.3815180037597904,-0.1271726679199301,-0.0
156,3,0.187707238588875,0,-0.8019236166026618,False,-0.1505268676316893,-2.4057708498079853,-0.8019236166026618,-0.0
157,3,1.226351713716315,0,-0.8828741679067217,True,-1.0827142488082735,-2.648622503720165,-0.8828741679067217,-0.0
158,2,-1.658771828304351,2,0.3539558601651709,False,-0.5871320093052199,0.7079117203303419,0.0,2.825211029232168
159,3,-0.2739125281344315,2,0.112843580663265,False,-0.0309092704632165,0.3385307419897952,0.112843580663265,0.0
160,1,-0.0431026447727782,0,2.473846735064164,False,-0.1066293370437679,2.473846735064164,0.0,0.40422876074983
161,2,1.187883399822706,1,0.3539558601651709,False,0.4204582905601736,0.7079117203303419,0.0,2.825211029232168
162,3,0.4954537497377461,0,-0.0515176608700557,False,-0.0255246182557866,-0.1545529826101672,-0.0,-19.410819185333835
163,1,-0.0431026447727782,0,0.3444394801955362,False,-0.0148462525605885,0.3444394801955362,0.3444394801955362,0.0
164,3,-1.9665183394532224,2,0.1800041951014629,False,-0.3539815508455426,0.5400125853043887,0.0,5.5554260801329125
165,2,-1.0432788060066092,0,0.3444394801955362,False,-0.3593464096399361,0.6888789603910724,0.3444394801955362,0.0
166,1,2.1880595610565368,0,0.4770416648490861,True,1.043795575795371,0.4770416648490861,0.4770416648490861,0.0
167,3,0.841668574780226,2,-0.2286058134653583,False,-0.1924103292058623,-0.6858174403960748,-0.2286058134653583,-0.0
168,3,-0.3508491559216493,0,-0.830854756854953,False,0.2915046901360474,-2.492564270564859,-0.830854756854953,-0.0
169,3,-0.0431026447727782,0,-0.8019236166026618,False,0.0345650287813261,-2.4057708498079853,-0.8019236166026618,-0.0
170,3,1.6495031665460127,0,-0.9045411875888884,False,-1.4920435531991625,-2.7136235627666654,-0.9045411875888884,-0.0
171,2,-0.0431026447727782,0,-3.0585777291682934,False,0.1318327893702718,-6.117155458336587,-3.0585777291682934,-0.0
172,3,-0.9663421782193916,2,-0.798539974052802,False,0.7716628579214411,-2.395619922158406,-0.0,-1.2522854615840144
173,3,-0.0431026447727782,0,-0.9179864201772276,False,0.0395676425751334,-2.753959260531683,-0.9179864201772276,-0.0
174,3,0.8032002608866171,1,-0.1640522996256444,False,-0.1317668498583671,-0.4921568988769333,-0.1640522996256444,-0.0
175,3,-0.3508491559216493,0,-3.0585777291682934,False,1.0730994145994508,-9.17573318750488,-3.0585777291682934,-0.0
176,1,1.3417566553971416,0,0.328543128294171,False,0.4408249289737009,0.328543128294171,0.328543128294171,0.0
177,1,-0.0431026447727782,0,0.365260935704026,False,-0.0157437123610232,0.365260935704026,0.365260935704026,0.0
178,2,1.1109467720354882,0,0.3444394801955362,False,0.3826539286848124,0.6888789603910724,0.3444394801955362,0.0
179,1,-0.5047224114960849,2,2.6987007794454887,False,-1.362094765308091,2.6987007794454887,0.0,0.3705486757244252
180,2,-0.8894055504321737,0,-0.4507125974257932,False,0.4008662858002023,-0.9014251948515865,-0.4507125974257932,-0.0
181,2,-0.0431026447727782,0,0.1329851701219792,False,-0.0057320125478151,0.2659703402439584,0.1329851701219792,0.0
182,3,-1.3510253171554802,0,-0.4722721171540273,True,0.6380515868617099,-1.416816351462082,-0.4722721171540273,-0.0
183,3,-1.427961944942698,0,0.0235462899473237,True,-0.0336232059893651,0.0706388698419712,0.0235462899473237,0.0
184,3,-0.5816590392833026,0,-0.8189865811572414,False,0.4763709479818376,-2.4569597434717245,-0.0,-1.2210212267299712
185,2,-0.812468922644956,0,-0.5368057694182641,False,0.4361380051488536,-1.0736115388365282,-0.5368057694182641,-0.0
186,3,-0.5816590392833026,0,-0.8797405693934278,False,0.5117090544119268,-2.639221708180284,-0.8797405693934278,-0.0
187,3,0.2646438663760928,0,-0.8019236166026618,False,-0.2122241664360278,-2.4057708498079853,-0.8019236166026618,-0.0
188,1,2.034186305482101,0,0.365260935704026,False,0.7430087933367082,0.365260935704026,0.365260935704026,0.0
189,2,-2.197328222814876,2,0.6974165471111633,True,-1.5324530620254595,1.3948330942223266,0.6974165471111633,0.0
190,3,-0.5816590392833026,0,-0.8135961720983267,False,0.4732355678272852,-2.44078851629498,-0.8135961720983267,-0.0
191,3,-0.0431026447727782,0,-0.8823470582632056,True,0.0380314918186248,-2.6470411747896168,-0.8823470582632056,-0.0
192,3,-0.0431026447727782,0,-0.8189865811572414,False,0.0353004876812927,-2.4569597434717245,-0.8189865811572414,-0.0
193,3,-1.7357084560915692,1,0.457519539438721,False,-0.7941205334309082,1.3725586183161629,0.457519539438721,0.0
194,3,-1.9665183394532224,1,-0.3034147385612252,True,0.5966706478410542,-0.9102442156836756,-0.0,-3.2958188014924423
195,3,3.14976740839676,0,-0.8189865811572414,False,-2.5796172412433664,-2.4569597434717245,-0.8189865811572414,-0.0
196,2,-0.8894055504321737,0,-0.3336984726090336,False,0.2967932737092132,-0.6673969452180673,-0.3336984726090336,-0.0
197,3,-0.7355322948577382,1,-0.1490371552690002,True,0.1096216408340767,-0.4471114658070007,-0.1490371552690002,-0.0
198,2,-0.4277857837088671,0,1.3924082286355357,False,-0.595652445329528,2.784816457271071,1.3924082286355357,0.0
199,3,-0.0431026447727782,0,-0.8828741679067217,True,0.0380542116383456,-2.648622503720165,-0.8828741679067217,-0.0
200,2,0.3415804941633105,0,-0.5368057694182641,False,-0.1833623799876067,-1.0736115388365282,-0.0,-1.8628711853892683
201,3,-0.0431026447727782,0,-0.8189865811572414,False,0.0353004876812927,-2.4569597434717245,-0.0,-1.2210212267299712
202,1,0.1107706108016572,2,2.218822021910339,False,0.2457802706271764,2.218822021910339,0.0,0.450689595706748
203,3,0.0338339830144394,0,-0.8019236166026618,False,-0.0271322700230123,-2.4057708498079853,-0.8019236166026618,-0.0
204,2,-0.8894055504321737,0,-0.4507125974257932,False,0.4008662858002023,-0.9014251948515865,-0.4507125974257932,-0.0
205,3,-1.5818352005171337,2,0.4146557174979072,False,-0.6559170100338779,1.2439671524937217,0.0,2.4116392414269487
206,1,0.7262636330993993,1,1.4743073772537167,False,1.070735832109531,1.4743073772537167,0.0,0.6782846070151
207,1,0.2646438663760928,0,1.0620380556287106,False,0.2810618572801299,1.0620380556287106,0.0,0.9415858449705128
208,1,3.1112990945031505,1,1.3571652197109427,False,4.222546919177826,1.3571652197109427,1.3571652197109427,0.0
209,1,-0.4277857837088671,0,1.3324938581871215,True,-0.5700219294118298,1.3324938581871215,0.0,0.7504725022601721
210,1,2.1880595610565368,1,2.14527242190355,False,4.693983833816976,2.14527242190355,0.0,0.4661412647595948
211,3,-0.6585956670705204,0,-0.806763380796033,False,0.5313308669434317,-2.420290142388099,-0.806763380796033,-0.0
212,1,-0.9663421782193916,0,1.7938227894866787,True,-1.733446621732142,1.7938227894866787,0.0,0.5574686673961593
213,3,-0.120039272559996,1,-0.235288813609469,False,0.0282438980271851,-0.7058664408284072,-0.0,-4.250095806338647
214,1,-0.4277857837088671,0,1.5182728441543658,True,-0.649495538520466,1.5182728441543658,0.0,0.6586431443137424
215,3,-0.0431026447727782,0,-0.8828741679067217,True,0.0380542116383456,-2.648622503720165,-0.8828741679067217,-0.0
216,3,-0.0431026447727782,0,-0.1640522996256444,False,0.0070710879949215,-0.4921568988769333,-0.1640522996256444,-0.0
217,3,0.9570735164610528,0,-0.7165619336211217,False,-0.6858024495728984,-2.149685800863365,-0.7165619336211217,-0.0
218,3,-0.8894055504321737,0,-0.9787286015064478,False,0.8704866505465538,-2.936185804519344,-0.9787286015064478,-0.0
219,3,-2.120391595027658,1,-0.3876306904680369,False,0.8219288580431933,-1.1628920714041109,-0.0,-2.579775091576392
220,2,0.3415804941633105,0,-0.3336984726090336,False,-0.1139848891753356,-0.6673969452180673,-0.0,-2.9967173424003524
221,3,-2.0434549672404403,2,0.5322916934007406,False,-1.0877141049005687,1.5968750802022216,0.5322916934007406,0.0
222,1,2.1880595610565368,0,2.097794920021772,True,4.590100231889471,2.097794920021772,0.0,0.4766910199161038
223,3,0.187707238588875,0,-0.8189865811572414,False,-0.1537297095903693,-2.4569597434717245,-0.8189865811572414,-0.0
224,3,0.1107706108016572,0,-0.798539974052802,False,-0.0884547606753684,-2.395619922158406,-0.798539974052802,-0.0
225,3,-0.0431026447727782,0,-0.8160407306065733,False,0.0351735137314535,-2.44812219181972,-0.8160407306065733,-0.0
226,2,-0.1969759003472138,0,-0.272262193114855,True,0.0536290906193055,-0.54452438622971,-0.0,-3.672930084634063
227,3,-1.427961944942698,2,0.936361092700485,False,-1.3370880071012543,2.809083278101455,0.936361092700485,0.0
228,2,-0.5047224114960849,0,-0.3336984726090336,False,0.1684250978077917,-0.6673969452180673,-0.3336984726090336,-0.0
229,1,0.8032002608866171,0,-3.0585777291682934,False,-2.45665043000997,-3.0585777291682934,-3.0585777291682934,-0.0
230,3,-0.0431026447727782,0,-0.8823470582632056,True,0.0380314918186248,-2.6470411747896168,-0.8823470582632056,-0.0
231,3,-0.120039272559996,0,-0.8019236166026618,False,0.0962623275856646,-2.4057708498079853,-0.0,-1.2470015588722605
232,2,-0.120039272559996,0,-0.3336984726090336,False,0.0400569219063701,-0.6673969452180673,-0.0,-2.9967173424003524
233,3,-0.0431026447727782,0,0.0833137463231359,False,-0.0035910428124554,0.2499412389694077,0.0833137463231359,0.0
234,3,-0.812468922644956,0,-0.5667940759868451,False,0.4605025722785753,-1.7003822279605352,-0.5667940759868451,-0.0
235,3,0.0338339830144394,1,0.2711522804976662,False,0.0091741616526845,0.8134568414929986,0.0,3.687964556907376
236,3,-0.7355322948577382,0,-0.806763380796033,False,0.5934005208840935,-2.420290142388099,-0.806763380796033,-0.0
237,3,-0.120039272559996,0,1.1248955097361604,False,-0.1350316386947346,3.374686529208481,1.1248955097361604,0.0
238,3,0.4954537497377461,0,-3.0585777291682934,False,-1.5153838047807913,-9.17573318750488,-3.0585777291682934,-0.0
239,3,-0.0431026447727782,0,-0.7841792430073967,False,0.0338001993495339,-2.35253772902219,-0.7841792430073967,-0.0
240,1,-0.4277857837088671,2,2.6987007794454887,False,-1.1544658279308189,2.6987007794454887,0.0,0.3705486757244252
241,3,-0.0815709586663871,0,-0.8823470582632056,True,0.0719738954189962,-2.6470411747896168,-0.8823470582632056,-0.0
242,3,-0.4277857837088671,3,0.047825129435189,True,-0.0204589104764103,0.1434753883055671,0.0,20.90950953630277
243,2,0.9570735164610528,0,-0.3336984726090336,False,-0.3193739706176101,-0.6673969452180673,-0.3336984726090336,-0.0
244,1,1.880313049907666,1,1.443609675522841,False,2.714438111858569,1.443609675522841,1.443609675522841,0.0
245,3,-0.3508491559216493,0,-0.8199664648688783,False,0.2876845420833047,-2.4598993946066345,-0.8199664648688783,-0.0
246,3,-1.7357084560915692,1,0.7678594338107121,False,-1.3327801123549377,2.303578301432136,0.7678594338107121,0.0
247,3,-0.3508491559216493,0,-0.0293120756270651,False,0.0102841169920673,-0.0879362268811954,-0.0293120756270651,-0.0
248,3,-0.1969759003472138,1,-0.3731626361213422,False,0.0735040462259411,-1.1194879083640268,-0.0,-2.6797966977455574
249,3,-0.4277857837088671,0,-0.1423794216910609,False,0.0609078924921257,-0.4271382650731827,-0.0,-7.023486878390542
250,3,-0.0431026447727782,0,-0.8797405693934278,False,0.0379191452547666,-2.639221708180284,-0.8797405693934278,-0.0
251,2,-0.120039272559996,0,-0.3598396136231996,False,0.0431948854575989,-0.7196792272463993,-0.0,-2.7790158785773214
252,3,-0.812468922644956,0,-0.2286058134653583,False,0.1857351189765734,-0.6858174403960748,-0.2286058134653583,-0.0
253,3,-0.5816590392833026,0,-0.8797405693934278,False,0.5117090544119268,-2.639221708180284,-0.8797405693934278,-0.0
254,3,-0.0431026447727782,0,-0.8828741679067217,True,0.0380542116383456,-2.648622503720165,-0.0,-1.132664241803542
255,3,-0.0431026447727782,2,1.3361591794576348,False,-0.0575919944720493,4.0084775383729045,0.0,0.7484138232735965
256,1,0.9570735164610528,0,0.3553757823476229,False,0.3401207496765371,0.3553757823476229,0.3553757823476229,0.0
257,2,1.5725665387587948,0,-0.3336984726090336,False,-0.5247630520598845,-0.6673969452180673,-0.3336984726090336,-0.0
258,2,-2.0434549672404403,1,0.0215876679544729,False,-0.0441134273127049,0.0431753359089458,0.0215876679544729,0.0
259,1,-0.0431026447727782,0,2.549704552245297,True,-0.1098990095909647,2.549704552245297,2.549704552245297,0.0
260,3,-0.8894055504321737,0,-0.018385836972892,False,0.0163524654530312,-0.0551575109186761,-0.0,-54.38969144969541
261,3,-0.8894055504321737,1,-0.806763380796033,False,0.7175398287654171,-2.420290142388099,-0.806763380796033,-0.0
262,1,1.1109467720354882,0,1.5989745568795648,False,1.7763756225322276,1.5989745568795648,1.5989745568795648,0.0
263,1,-0.0431026447727782,0,0.4870824563024251,False,-0.0209945420890557,0.4870824563024251,0.4870824563024251,0.0
264,1,-0.0431026447727782,0,0.8344967423387601,False,-0.0359690166490682,0.8344967423387601,0.8344967423387601,0.0
265,3,-0.0431026447727782,0,0.2711522804976662,False,-0.0116873804256196,0.8134568414929986,0.2711522804976662,0.0
266,3,-1.0432788060066092,0,-0.8160407306065733,False,0.8513579990799869,-2.44812219181972,-0.8160407306065733,-0.0
267,3,-0.0431026447727782,0,-0.8719479292525482,False,0.0375832618549321,-2.6158437877576444,-0.8719479292525482,-0.0
268,3,-0.5816590392833026,0,-0.8019236166026618,False,0.4664461204116957,-2.4057708498079853,-0.8019236166026618,-0.0
269,2,-1.9665183394532224,1,0.2228261499229997,False,-0.4381917103333321,0.4456522998459994,0.0,4.487803609879551
270,2,-0.0431026447727782,0,-0.3336984726090336,False,0.0143832867260858,-0.6673969452180673,-0.3336984726090336,-0.0
271,3,-0.4277857837088671,0,-0.8933844909173265,False,0.3821771846004158,-2.68015347275198,-0.8933844909173265,-0.0
272,2,0.0338339830144394,0,-0.3827854449853266,False,-0.0129511562438082,-0.7655708899706533,-0.0,-2.6124295296503064
273,3,-0.0431026447727782,2,-0.1800831698720664,True,0.0077620609005515,-0.5402495096161992,-0.0,-5.552989769729253
274,3,-0.4277857837088671,0,-0.6307359423566569,False,0.2698198694143933,-1.8922078270699707,-0.6307359423566569,-0.0
275,1,1.187883399822706,1,2.218822021910339,False,2.6357018469883444,2.218822021910339,0.0,0.450689595706748
276,2,0.187707238588875,0,-0.3336984726090336,False,-0.062637618814767,-0.6673969452180673,-0.0,-2.9967173424003524
277,3,-0.6585956670705204,0,-0.798539974052802,False,0.5259149668937811,-2.395619922158406,-0.798539974052802,-0.0
278,1,0.4185171219505283,0,3.385293743818228,True,1.4168033946199337,3.385293743818228,3.385293743818228,0.0
279,3,-0.0431026447727782,2,1.3361591794576348,False,-0.0575919944720493,4.0084775383729045,0.0,0.7484138232735965
280,3,-0.0431026447727782,0,0.233525933939218,False,-0.0100655853758134,0.7005778018176543,0.233525933939218,0.0
281,1,0.4954537497377461,1,3.385293743818228,True,1.6772564793384734,3.385293743818228,3.385293743818228,0.0
282,3,0.8801368886738349,5,0.7678594338107121,False,0.6758214130130126,2.303578301432136,0.0,1.302321695830742
283,3,-0.5047224114960849,0,-0.8428609376877135,False,0.4254108050255941,-2.5285828130631405,-0.0,-1.1864353362292224
284,3,0.3415804941633105,1,-0.235288813609469,False,-0.0803700692238215,-0.7058664408284072,-0.235288813609469,-0.0
285,2,-0.0431026447727782,0,0.5824597491940529,False,-0.0251055556639527,1.1649194983881055,0.0,1.7168568323969096
286,3,-0.0431026447727782,0,0.2711522804976662,False,-0.0116873804256196,0.8134568414929986,0.2711522804976662,0.0
287,3,-1.120215433793827,0,-0.8828741679067217,True,0.9890092689869924,-2.648622503720165,-0.0,-1.132664241803542
288,3,-0.0431026447727782,0,-0.7841792430073967,False,0.0338001993495339,-2.35253772902219,-0.7841792430073967,-0.0
289,3,-0.8894055504321737,0,-0.8160407306065733,False,0.7257911551802125,-2.44812219181972,-0.0,-1.2254290288386551
290,3,0.0338339830144394,0,-0.7841792430073967,False,-0.0265319071881882,-2.35253772902219,-0.7841792430073967,-0.0
291,2,0.187707238588875,0,1.3924082286355357,False,0.2613651035856033,2.784816457271071,1.3924082286355357,0.0
292,3,-1.9665183394532224,1,0.457519539438721,False,-0.8997205649644366,1.3725586183161629,0.457519539438721,0.0
293,3,-2.120391595027658,1,0.457519539438721,False,-0.9701205859867892,1.3725586183161629,0.457519539438721,0.0
294,3,-0.0431026447727782,0,-0.7841792430073967,False,0.0338001993495339,-2.35253772902219,-0.7841792430073967,-0.0
295,3,-0.0431026447727782,0,0.1643797141666736,True,-0.0070852004275769,0.493139142500021,0.1643797141666736,0.0
296,1,1.4186932831843593,0,0.3417284274758476,False,0.4848078247331384,0.3417284274758476,0.0,2.926300300464986
297,3,0.1107706108016572,0,-0.8189865811572414,False,-0.0907196438331486,-2.4569597434717245,-0.8189865811572414,-0.0
298,1,1.3417566553971416,0,0.6130033879569109,False,0.8225013755721812,0.6130033879569109,0.6130033879569109,0.0
299,3,-0.2739125281344315,0,-0.1271726679199301,False,0.0348341869795485,-0.3815180037597904,-0.0,-7.863324850821054
300,3,-1.5818352005171337,2,0.936361092700485,False,-1.481168936828314,2.809083278101455,0.936361092700485,0.0
301,3,-0.812468922644956,0,-0.7841792430073967,False,0.6371212647267567,-2.35253772902219,-0.7841792430073967,-0.0
302,3,-0.0431026447727782,0,-0.7841792430073967,False,0.0338001993495339,-2.35253772902219,-0.7841792430073967,-0.0
303,3,-0.5816590392833026,0,-0.6455926003653025,False,0.375514771696891,-1.936777801095908,-0.6455926003653025,-0.0
304,3,-0.0431026447727782,0,-0.8828741679067217,True,0.0380542116383456,-2.648622503720165,-0.8828741679067217,-0.0
305,2,-0.120039272559996,1,0.5824597491940529,False,-0.0699180445887318,1.1649194983881055,0.5824597491940529,0.0
306,2,-0.4277857837088671,3,0.0215876679544729,False,-0.009234897454351,0.0431753359089458,0.0,46.322743249013214
307,3,-0.9663421782193916,0,-0.7165619336211217,False,0.6924440197645338,-2.149685800863365,-0.7165619336211217,-0.0
308,3,-0.0431026447727782,0,-0.1640522996256444,False,0.0070710879949215,-0.4921568988769333,-0.1640522996256444,-0.0
309,3,-0.0431026447727782,1,0.3238411962475482,False,-0.0139584120446496,0.9715235887426448,0.0,3.087933257372195
310,3,-0.6585956670705204,0,-0.7841792430073967,False,0.5164570516513122,-2.35253772902219,-0.7841792430073967,-0.0
311,1,1.6495031665460127,0,0.365260935704026,False,0.6024990700593505,0.365260935704026,0.365260935704026,0.0
312,3,-2.0434549672404403,1,0.1364991380659541,False,-0.2789298417049126,0.4094974141978623,0.0,7.326053586630098
313,3,-2.21656237976168,1,0.047825129435189,True,-0.106007382713273,0.1434753883055671,0.0,20.90950953630277
314,3,-0.0431026447727782,0,-0.8823470582632056,True,0.0380314918186248,-2.6470411747896168,-0.8823470582632056,-0.0
315,3,0.3415804941633105,0,-0.7841792430073967,False,-0.2678603333390774,-2.35253772902219,-0.7841792430073967,-0.0
316,2,-0.8894055504321737,1,0.2228261499229997,False,-0.1981828145229476,0.4456522998459994,0.0,4.487803609879551
317,1,1.1109467720354882,0,0.4082334475616762,True,0.4535256308055629,0.4082334475616762,0.0,2.449578803434325
318,3,-0.0431026447727782,0,-0.2286058134653583,False,0.0098535151707893,-0.6858174403960748,-0.2286058134653583,-0.0
319,3,-0.0431026447727782,0,-0.6307359423566569,False,0.0271863872688225,-1.8922078270699707,-0.6307359423566569,-0.0
320,3,0.5723903775249639,0,-0.6221672631581132,False,-0.356122554642746,-1.86650178947434,-0.0,-1.607284823897697
321,2,-0.6585956670705204,0,-0.4507125974257932,False,0.2968373637587272,-0.9014251948515865,-0.4507125974257932,-0.0
322,1,0.4954537497377461,0,1.464014258564117,False,0.7253513540751179,1.464014258564117,1.464014258564117,0.0
323,3,0.187707238588875,0,-0.798539974052802,False,-0.1498917334322833,-2.395619922158406,-0.798539974052802,-0.0
324,3,-0.0431026447727782,2,0.242006638024377,False,-0.010431126151419,0.726019914073131,0.0,4.132118061568506
325,3,-0.2739125281344315,0,-0.8160407306065733,False,0.2235237795811151,-2.44812219181972,-0.8160407306065733,-0.0
326,1,3.880665372375328,0,0.4870824563024251,False,1.89020402166434,0.4870824563024251,0.4870824563024251,0.0
327,3,1.9957179915884928,0,-0.7841792430073967,False,-1.5650006239001062,-2.35253772902219,-0.7841792430073967,-0.0
328,2,2.3419328166309725,1,0.750263780890198,False,1.757067369596384,1.500527561780396,0.750263780890198,0.0
329,3,-0.0431026447727782,0,-0.8209591021193487,False,0.0353855085516292,-2.4628773063580462,-0.8209591021193487,-0.0
330,3,-0.8894055504321737,0,-0.8160407306065733,False,0.7257911551802125,-2.44812219181972,-0.8160407306065733,-0.0
331,3,-1.158683747687436,0,-0.2316612596882322,True,0.2684221365695532,-0.6949837790646967,-0.0,-4.3166475108777
332,2,-0.812468922644956,0,-0.5368057694182641,False,0.4361380051488536,-1.0736115388365282,-0.5368057694182641,-0.0
333,2,-1.9665183394532224,1,0.750263780890198,False,-1.4754074845480885,1.500527561780396,0.0,1.3328645544017688
334,3,0.2646438663760928,0,-0.7174492400289059,False,-0.1898685408098391,-2.1523477200867176,-0.7174492400289059,-0.0
335,3,-0.6585956670705204,0,-0.8209591021193487,False,0.540680107497908,-2.4628773063580462,-0.8209591021193487,-0.0
336,3,-1.5048985727299158,2,0.2711522804976662,False,-0.4080566799133996,0.8134568414929986,0.0,3.687964556907376
337,2,1.3417566553971416,0,-0.1958246500971604,False,-0.2627490275586815,-0.3916493001943209,-0.1958246500971604,-0.0
338,3,-2.120391595027658,2,0.5286989276421437,False,-1.1210487624725374,1.586096782926431,0.0,1.8914356502664635
339,2,-0.0431026447727782,0,0.3444394801955362,False,-0.0148462525605885,0.6888789603910724,0.0,2.903267649319137
340,1,-0.5816590392833026,0,1.2920564383571118,False,-0.7515363066346034,1.2920564383571118,0.0,0.7739599992021476
341,3,-0.120039272559996,0,-0.1423794216910609,False,0.0170911222073078,-0.4271382650731827,-0.1423794216910609,-0.0
342,1,-0.0431026447727782,0,0.4770416648490861,True,-0.0205617574218049,0.4770416648490861,0.4770416648490861,0.0
343,3,-0.2739125281344315,0,0.0235462899473237,True,-0.0064496238076578,0.0706388698419712,0.0235462899473237,0.0
344,3,0.2646438663760928,0,-0.6307359423566569,False,-0.166920398447634,-1.8922078270699707,-0.6307359423566569,-0.0
345,2,-0.1969759003472138,0,-0.5368057694182641,False,0.1057377997427414,-1.0736115388365282,-0.0,-1.8628711853892683
346,3,-0.1969759003472138,2,-0.4814557804928133,False,0.0948351858399424,-1.44436734147844,-0.0,-2.077033946869243
347,2,0.3415804941633105,0,-0.3336984726090336,False,-0.1139848891753356,-0.6673969452180673,-0.3336984726090336,-0.0
348,3,-0.0431026447727782,0,-0.8823470582632056,True,0.0380314918186248,-2.6470411747896168,-0.8823470582632056,-0.0
349,1,0.0338339830144394,0,0.4092826615690944,True,0.0138476626196333,0.4092826615690944,0.4092826615690944,0.0
350,3,0.0338339830144394,0,-0.1271726679199301,False,-0.0043027578863038,-0.3815180037597904,-0.1271726679199301,-0.0
351,2,-0.0431026447727782,0,-0.3827854449853266,False,0.0164990650593923,-0.7655708899706533,-0.0,-2.6124295296503064
352,3,-0.0431026447727782,0,-0.8160407306065733,False,0.0351735137314535,-2.44812219181972,-0.8160407306065733,-0.0
353,1,1.803376422120448,0,1.0306316027835165,False,1.8586167323520009,1.0306316027835165,0.0,0.9702788050543116
354,3,0.187707238588875,0,-0.798539974052802,False,-0.1498917334322833,-2.395619922158406,-0.798539974052802,-0.0
355,2,1.7264397943332304,0,-0.3336984726090336,False,-0.5761103224204531,-0.6673969452180673,-0.3336984726090336,-0.0
356,1,1.7264397943332304,1,1.4743073772537167,False,2.545302925169871,1.4743073772537167,1.4743073772537167,0.0
357,3,0.7262636330993993,5,0.5286989276421437,False,0.3839748040051397,1.586096782926431,0.0,1.8914356502664635
358,1,-2.120391595027658,2,2.132408321022389,False,-4.5215406810629135,2.132408321022389,0.0,0.4689533379425884
359,3,1.1109467720354882,0,-0.798539974052802,False,-0.8871354065152629,-2.395619922158406,-0.798539974052802,-0.0
360,2,1.6495031665460127,0,-0.3693384839068557,False,-0.609224998731662,-0.7386769678137114,-0.3693384839068557,-0.0
361,2,0.7262636330993993,0,0.3444394801955362,False,0.2501538682696787,0.6888789603910724,0.3444394801955362,0.0
362,1,1.2648200276099235,0,1.4685301291949246,True,1.8574263185543287,1.4685301291949246,1.4685301291949246,0.0
363,1,-0.9663421782193916,2,1.812289926928167,True,-1.751292195552827,1.812289926928167,1.812289926928167,0.0
364,3,0.0338339830144394,0,-0.7841792430073967,False,-0.0265319071881882,-2.35253772902219,-0.7841792430073967,-0.0
365,3,-1.5818352005171337,2,0.6233938271906204,False,-0.9861062996352185,1.8701814815718607,0.0,1.6041223964417304
366,3,-0.1969759003472138,0,-0.8135961720983267,False,0.1602588385181146,-2.44078851629498,-0.8135961720983267,-0.0
367,3,-0.6585956670705204,0,-0.7165619336211217,False,0.4719245846705446,-2.149685800863365,-0.7165619336211217,-0.0
368,3,-0.0431026447727782,0,1.1248955097361604,False,-0.048485971562651,3.374686529208481,1.1248955097361604,0.0
369,3,-0.2739125281344315,0,-0.8019236166026618,False,0.2196569251943417,-2.4057708498079853,-0.8019236166026618,-0.0
370,3,-2.0434549672404403,1,-0.1393201011784549,False,0.2846943527895543,-0.4179603035353647,-0.1393201011784549,-0.0
371,2,1.4186932831843593,0,-0.3336984726090336,False,-0.4734157816993159,-0.6673969452180673,-0.3336984726090336,-0.0
372,1,0.4954537497377461,0,2.0186331792044068,True,1.0001393779818508,2.0186331792044068,0.0,0.4953847040174603
373,3,-0.0431026447727782,0,-0.1640522996256444,False,0.0070710879949215,-0.4921568988769333,-0.0,-6.095617082369025
374,2,0.2261755524824839,0,-0.3336984726090336,False,-0.0754744364049092,-0.6673969452180673,-0.0,-2.9967173424003524
375,1,0.2646438663760928,0,1.5584783893656835,False,0.4124417466253203,1.5584783893656835,0.0,0.6416515024035784
376,2,-0.5816590392833026,2,0.8147822510349934,True,-0.4739254613621009,1.6295645020699867,0.0,1.2273217767443143
377,3,-0.812468922644956,0,-0.9442940832331416,False,0.767209596464437,-2.8328822496994253,-0.9442940832331416,-0.0
378,3,3.419045605652021,0,-0.8160407306065733,False,-2.790080474013469,-2.44812219181972,-0.8160407306065733,-0.0
379,3,0.9570735164610528,1,-0.7445391097425897,False,-0.712578663904122,-2.233617329227769,-0.7445391097425897,-0.0
380,1,0.8032002608866171,0,2.14527242190355,False,1.7230833689457965,2.14527242190355,0.0,0.4661412647595948
381,3,0.4185171219505283,1,0.0971716406458445,False,0.0406679953783098,0.2915149219375335,0.0,10.291068395609768
382,3,-0.4277857837088671,0,-0.6967178907118832,False,0.2980460089021717,-2.0901536721356493,-0.0,-1.4353011646912543
383,3,0.7262636330993993,0,-0.798539974052802,False,-0.579950542730688,-2.395619922158406,-0.798539974052802,-0.0
384,2,0.2261755524824839,0,0.4894379098126231,True,0.1106988896577421,0.9788758196252462,0.4894379098126231,0.0
385,2,-2.197328222814876,1,0.750263780890198,False,-1.648575780305828,1.500527561780396,0.750263780890198,0.0
386,3,0.3415804941633105,0,-0.9787286015064478,False,-0.3343145993543382,-2.936185804519344,-0.9787286015064478,-0.0
387,1,2.649679327779844,4,2.6987007794454887,False,7.150691667160063,2.6987007794454887,2.6987007794454887,0.0
388,3,-0.3508491559216493,0,-0.8160407306065733,False,0.2863072015310023,-2.44812219181972,-0.0,-1.2254290288386551
389,3,-0.0431026447727782,0,-0.7841792430073967,False,0.0338001993495339,-2.35253772902219,-0.0,-1.2752186555779157
390,3,-2.197328222814876,2,0.112843580663265,False,-0.2479543845548792,0.3385307419897952,0.112843580663265,0.0
391,3,1.187883399822706,0,-0.91474459673667,False,-1.0866099215410057,-2.74423379021001,-0.91474459673667,-0.0
392,2,0.1107706108016572,1,0.3539558601651709,False,0.0392079068273219,0.7079117203303419,0.3539558601651709,0.0
393,3,-0.6585956670705204,0,-0.5992616204389827,False,0.3946711066627728,-1.797784861316948,-0.0,-1.66872024820722
394,3,-0.3508491559216493,0,-0.8019236166026618,False,0.2813542239986802,-2.4057708498079853,-0.8019236166026618,-0.0
395,1,-1.120215433793827,1,2.473846735064164,False,-2.771241293459345,2.473846735064164,0.0,0.40422876074983
396,3,-0.2739125281344315,0,-0.802887432760349,False,0.2199209265147506,-2.408662298281047,-0.802887432760349,-0.0
397,2,0.0338339830144394,0,-0.5368057694182641,False,-0.0181622772845506,-1.0736115388365282,-0.5368057694182641,-0.0
398,1,-0.4277857837088671,0,1.3324938581871215,True,-0.5700219294118298,1.3324938581871215,0.0,0.7504725022601721
399,2,0.4185171219505283,0,-0.5368057694182641,False,-0.2246624056633708,-1.0736115388365282,-0.5368057694182641,-0.0
400,2,3.1112990945031505,0,-0.5368057694182641,False,-1.670163304315112,-1.0736115388365282,-0.5368057694182641,-0.0
401,1,-0.0431026447727782,0,-3.0585777291682934,False,0.1318327893702718,-3.0585777291682934,-3.0585777291682934,-0.0
402,3,-0.6585956670705204,0,-0.1271726679199301,False,0.0837553680618641,-0.3815180037597904,-0.1271726679199301,-0.0
403,3,-0.8894055504321737,1,-0.6455926003653025,False,0.5741936420828403,-1.936777801095908,-0.0,-1.5489644699058809
404,3,-0.0431026447727782,0,-0.774244266805356,False,0.0333719755994714,-2.322732800416068,-0.0,-1.291582053459879
405,3,-2.197328222814876,2,0.936361092700485,False,-2.057492655736552,2.809083278101455,0.936361092700485,0.0
406,3,-0.0431026447727782,2,1.3361591794576348,False,-0.0575919944720493,4.0084775383729045,0.0,0.7484138232735965
407,3,-0.2739125281344315,0,1.1248955097361604,False,-0.3081229729589018,3.374686529208481,1.1248955097361604,0.0
408,3,-0.3508491559216493,0,-0.8160407306065733,False,0.2863072015310023,-2.44812219181972,-0.8160407306065733,-0.0
409,2,-0.0431026447727782,0,-3.0585777291682934,False,0.1318327893702718,-6.117155458336587,-3.0585777291682934,-0.0
410,3,-0.7355322948577382,0,-0.6307359423566569,False,0.4639266551308499,-1.8922078270699707,-0.6307359423566569,-0.0
411,1,1.880313049907666,0,1.4564440718289613,True,2.738570794720654,1.4564440718289613,0.0,0.6866037765145546
412,3,-0.5816590392833026,0,-0.7841792430073967,False,0.4561249451135899,-2.35253772902219,-0.7841792430073967,-0.0
413,2,2.264996188843755,0,-0.2974659859684506,False,-0.6737593245291905,-0.5949319719369013,-0.2974659859684506,-0.0
414,2,1.880313049907666,3,0.2228261499229997,False,0.4189829175608984,0.4456522998459994,0.0,4.487803609879551
415,1,-0.1969759003472138,0,0.5036031274312862,False,-0.0991976794434502,0.5036031274312862,0.5036031274312862,0.0
416,1,0.1107706108016572,0,1.0408277503255374,False,0.1152931256428746,1.0408277503255374,1.0408277503255374,0.0
417,1,-0.5816590392833026,0,2.0186331792044068,True,-1.174156235681434,2.0186331792044068,2.0186331792044068,0.0
418,1,0.2646438663760928,0,-1.208550389612567,False,-0.3198354478174031,-1.208550389612567,-1.208550389612567,-0.0
419,3,-1.8126450838787869,1,-0.3731626361213422,False,0.6764114178525996,-1.1194879083640268,-0.3731626361213422,-0.0
420,3,-1.8895817116660047,2,0.5322916934007406,False,-1.0058086491217677,1.5968750802022216,0.0,1.878669181574361
421,1,0.7262636330993993,0,-3.0585777291682934,False,-2.221333773702676,-3.0585777291682934,-3.0585777291682934,-0.0
422,3,-0.3893174698152582,0,-0.7841792430073967,False,0.3052946787692842,-2.35253772902219,-0.7841792430073967,-0.0
423,2,1.880313049907666,0,-0.2624619586252086,False,-0.4935106459073056,-0.5249239172504172,-0.2624619586252086,-0.0
424,3,-0.0431026447727782,0,-0.8428609376877135,False,0.0363295355900043,-2.5285828130631405,-0.8428609376877135,-0.0
425,3,-0.0431026447727782,0,-0.8019236166026618,False,0.0345650287813261,-2.4057708498079853,-0.8019236166026618,-0.0
426,3,0.0338339830144394,0,-0.8823470582632056,True,-0.0298533153821179,-2.6470411747896168,-0.8823470582632056,-0.0
427,3,-0.0431026447727782,0,-0.8038521494426432,False,0.0346481536472605,-2.411556448327929,-0.0,-1.244009860138282
428,1,0.4185171219505283,0,3.385293743818228,True,1.4168033946199337,3.385293743818228,0.0,0.2953953410471593
429,1,-0.6585956670705204,0,1.452419049919151,False,-0.9565568930474349,1.452419049919151,0.0,0.6885065298858929
430,1,0.187707238588875,0,0.5036031274312862,True,0.094529952394848,0.5036031274312862,0.5036031274312862,0.0
431,3,-1.0432788060066092,0,-0.6307359423566569,False,0.6580334408473064,-1.8922078270699707,-0.6307359423566569,-0.0
432,3,-0.5816590392833026,0,-0.8797405693934278,False,0.5117090544119268,-2.639221708180284,-0.0,-1.136698743687005
433,3,-0.0431026447727782,0,-0.8019236166026618,False,0.0345650287813261,-2.4057708498079853,-0.8019236166026618,-0.0
434,1,0.6493270053121817,0,1.5989745568795648,False,1.0382573605889804,1.5989745568795648,1.5989745568795648,0.0
435,3,-0.0431026447727782,2,1.3361591794576348,False,-0.0575919944720493,4.0084775383729045,1.3361591794576348,0.0
436,2,-0.3508491559216493,0,0.3444394801955362,False,-0.1208463008926955,0.6888789603910724,0.3444394801955362,0.0
437,2,0.2646438663760928,2,0.4092826615690944,False,0.108314145998343,0.8185653231381889,0.0,2.443299201012408
438,3,-0.0431026447727782,0,-0.1271726679199301,False,0.0054814783301592,-0.3815180037597904,-0.0,-7.863324850821054
439,1,-0.8894055504321737,0,1.7938227894866787,True,-1.5954359454611768,1.7938227894866787,1.7938227894866787,0.0
440,3,-0.0431026447727782,0,-0.1271726679199301,False,0.0054814783301592,-0.3815180037597904,-0.1271726679199301,-0.0
441,3,-0.0431026447727782,0,-0.8019236166026618,False,0.0345650287813261,-2.4057708498079853,-0.8019236166026618,-0.0
442,3,-2.120391595027658,1,0.7678594338107121,False,-1.6281626896149302,2.303578301432136,0.7678594338107121,0.0
443,3,-2.2419514669314617,1,-0.7322606388880221,True,1.6416928135311704,-2.196781916664066,-0.7322606388880221,-0.0
444,2,-0.2739125281344315,0,-0.5368057694182641,False,0.1470378254185054,-1.0736115388365282,-0.5368057694182641,-0.0
445,3,0.8801368886738349,0,-0.8955045384601199,False,-0.7881665782735885,-2.68651361538036,-0.8955045384601199,-0.0
446,1,1.4186932831843593,0,1.4362199751817062,True,2.037555631965494,1.4362199751817062,1.4362199751817062,0.0
447,2,1.4186932831843593,2,1.2673242399099218,False,1.7979443867769296,2.534648479819844,0.0,0.7890640520464419
448,1,1.4186932831843593,0,0.7656365698356679,True,1.0862034589861749,0.7656365698356679,0.0,1.3061027116489938
449,3,-1.9665183394532224,2,0.5286989276421437,False,-1.0396961372575275,1.586096782926431,0.5286989276421437,0.0
450,1,0.7262636330993993,0,1.114140203521088,False,0.8091595119913296,1.114140203521088,0.0,0.8975531058296222
451,3,0.2646438663760928,0,-0.1423794216910609,False,-0.0376798406487144,-0.4271382650731827,-0.0,-7.023486878390542
452,2,-0.0431026447727782,0,-0.5368057694182641,False,0.0231377483912133,-1.0736115388365282,-0.5368057694182641,-0.0
453,1,1.4956299109715772,1,1.812289926928167,True,2.7105150220662604,1.812289926928167,1.812289926928167,0.0
454,3,-0.0431026447727782,2,1.3361591794576348,False,-0.0575919944720493,4.0084775383729045,1.3361591794576348,0.0
455,3,-0.0431026447727782,0,-0.8823470582632056,True,0.0380314918186248,-2.6470411747896168,-0.8823470582632056,-0.0
456,1,0.9570735164610528,0,1.0408277503255374,False,0.9961486750343086,1.0408277503255374,1.0408277503255374,0.0
457,1,0.4954537497377461,2,1.3571652197109427,False,0.6724125971194386,1.3571652197109427,0.0,0.736829964013509
458,1,2.41886944441819,0,0.5975333003696796,False,1.4453550422865744,0.5975333003696796,0.5975333003696796,0.0
459,3,-0.8894055504321737,0,-0.9442940832331416,False,0.8398603988678173,-2.8328822496994253,-0.0,-1.05899212730014
460,3,-0.8894055504321737,0,-0.8494271027413144,False,0.7554851798656453,-2.548281308223943,-0.0,-1.1772640604152482
461,2,-2.2227173099846573,1,-0.2286058134653583,False,0.5081260987525755,-0.4572116269307166,-0.2286058134653583,-0.0
462,3,0.187707238588875,0,1.1248955097361604,False,0.2111510298335996,3.374686529208481,1.1248955097361604,0.0
463,3,-0.0431026447727782,0,-0.7841792430073967,False,0.0338001993495339,-2.35253772902219,-0.7841792430073967,-0.0
464,3,-0.0431026447727782,0,-0.7841792430073967,False,0.0338001993495339,-2.35253772902219,-0.7841792430073967,-0.0
465,3,-0.0431026447727782,0,-0.2316612596882322,True,0.0099852129839562,-0.6949837790646967,-0.0,-4.3166475108777
466,3,-1.0432788060066092,0,-0.7841792430073967,False,0.8181175843399234,-2.35253772902219,-0.7841792430073967,-0.0
467,1,0.1107706108016572,0,1.1339105535671157,False,0.1256039646130747,1.1339105535671157,1.1339105535671157,0.0
468,1,1.4186932831843593,0,0.365260935704026,False,0.5181932360929359,0.365260935704026,0.365260935704026,0.0
469,3,-0.5816590392833026,0,-0.8828741679067217,True,0.513531740312669,-2.648622503720165,-0.8828741679067217,-0.0
470,3,-1.2740886893682626,0,-0.8823470582632056,True,1.1241884070305097,-2.6470411747896168,-0.0,-1.133340889658974
471,3,0.187707238588875,0,-0.1423794216910609,False,-0.02672564807751,-0.4271382650731827,-0.1423794216910609,-0.0
472,3,-0.120039272559996,0,-0.798539974052802,False,0.0958561575953764,-2.395619922158406,-0.798539974052802,-0.0
473,2,1.2648200276099235,0,0.3444394801955362,False,0.4356539528508659,0.6888789603910724,0.3444394801955362,0.0
474,3,-0.120039272559996,0,-0.8135961720983267,False,0.0976634926562804,-2.44078851629498,-0.8135961720983267,-0.0
475,2,0.9570735164610528,0,0.3819897971587497,False,0.3655923184189688,0.7639795943174994,0.3819897971587497,0.0
476,3,0.4185171219505283,0,-0.7841792430073967,False,-0.3281924398767996,-2.35253772902219,-0.7841792430073967,-0.0
477,3,-2.120391595027658,2,0.4146557174979072,False,-0.8792324982127254,1.2439671524937217,0.0,2.4116392414269487
478,3,0.1107706108016572,0,-0.7143416664249429,False,-0.0791280627109646,-2.1430249992748287,-0.0,-1.3998903423969205
479,3,-0.0431026447727782,0,-0.1640522996256444,False,0.0070710879949215,-0.4921568988769333,-0.0,-6.095617082369025
480,3,-0.0431026447727782,0,-0.8019236166026618,False,0.0345650287813261,-2.4057708498079853,-0.8019236166026618,-0.0
481,2,-0.812468922644956,0,0.3444394801955362,False,-0.2798463733908559,0.6888789603910724,0.0,2.903267649319137
482,3,-0.7355322948577382,0,-0.7165619336211217,False,0.527054443444042,-2.149685800863365,-0.7165619336211217,-0.0
483,3,-1.1971520615810447,2,0.936361092700485,False,-1.1209666125106652,2.809083278101455,0.936361092700485,0.0
484,2,0.3415804941633105,1,0.2228261499229997,False,0.0761130664032061,0.4456522998459994,0.0,4.487803609879551
485,3,-0.0431026447727782,0,-0.8204626642072291,False,0.0353641107646514,-2.461387992621688,-0.0,-1.218824504301178
486,3,-0.0431026447727782,0,-0.8189865811572414,False,0.0353004876812927,-2.4569597434717245,-0.0,-1.2210212267299712
487,3,1.6495031665460127,0,-0.8189865811572414,False,-1.3509209589775628,-2.4569597434717245,-0.8189865811572414,-0.0
488,3,-0.0431026447727782,0,-0.8333405692374476,False,0.0359191825305865,-2.5000217077123428,-0.0,-1.19998958038855
489,3,-0.0431026447727782,0,-0.8189865811572414,False,0.0353004876812927,-2.4569597434717245,-0.0,-1.2210212267299712
490,3,-0.0431026447727782,0,-0.8189865811572414,False,0.0353004876812927,-2.4569597434717245,-0.0,-1.2210212267299712
491,3,-0.120039272559996,0,-0.6307359423566569,False,0.0757130836979366,-1.8922078270699707,-0.6307359423566569,-0.0
492,2,-0.3508491559216493,0,-0.3336984726090336,False,0.117077827447223,-0.6673969452180673,-0.3336984726090336,-0.0
493,1,-0.812468922644956,2,2.6987007794454887,False,-2.19261051481718,2.6987007794454887,2.6987007794454887,0.0
494,3,0.4185171219505283,0,-0.8019236166026618,True,-0.3356187640447049,-2.4057708498079853,-0.8019236166026618,-0.0
495,1,0.4185171219505283,0,1.5221510751129648,False,0.6370462871301804,1.5221510751129648,0.0,0.6569650124418734
496,3,-1.5818352005171337,1,-0.1393201011784549,False,0.2203814401836885,-0.4179603035353647,-0.1393201011784549,-0.0
497,3,-0.7355322948577382,0,-1.3942229498762084,True,1.025496005865773,-4.182668849628625,-1.3942229498762084,-0.0
498,2,0.9570735164610528,0,-0.3336984726090336,False,-0.3193739706176101,-0.6673969452180673,-0.3336984726090336,-0.0
499,2,0.0338339830144394,0,-0.3336984726090336,False,-0.0112903484541984,-0.6673969452180673,-0.3336984726090336,-0.0
500,2,-0.0431026447727782,0,-3.0585777291682934,False,0.1318327893702718,-6.117155458336587,-3.0585777291682934,-0.0
501,3,-0.6585956670705204,0,-0.8135961720983267,False,0.5358309136891194,-2.44078851629498,-0.8135961720983267,-0.0
502,3,1.3417566553971416,0,-0.8797405693934278,False,-1.1803977640065026,-2.639221708180284,-0.8797405693934278,-0.0
503,1,-0.3508491559216493,2,2.132408321022389,False,-0.7481536595110067,2.132408321022389,0.0,0.4689533379425884
504,3,-1.0432788060066092,0,-0.6589770356240848,False,0.6874967749116699,-1.9769311068722544,-0.6589770356240848,-0.0
505,1,1.187883399822706,0,1.5221510751129648,False,1.808137994148976,1.5221510751129648,1.5221510751129648,0.0
506,3,0.6493270053121817,0,-0.7165619336211217,False,-0.4652830144789093,-2.149685800863365,-0.7165619336211217,-0.0
507,1,2.034186305482101,0,0.6557188297748954,True,1.3338542637748414,0.6557188297748954,0.6557188297748954,0.0
508,3,-0.0431026447727782,1,0.1948433640252768,True,-0.0083982643059146,0.5845300920758306,0.0,5.132327729007342
509,1,0.1107706108016572,0,1.0110997852233976,False,0.1120001407906202,1.0110997852233976,1.0110997852233976,0.0
510,1,0.0338339830144394,0,1.6379421972192298,False,0.0554181084793491,1.6379421972192298,0.0,0.6105221549928451
511,1,-0.0431026447727782,0,0.4082334475616762,True,-0.0175959412746175,0.4082334475616762,0.4082334475616762,0.0
512,3,-1.1971520615810447,0,-0.806763380796033,False,0.9658184445280644,-2.420290142388099,-0.0,-1.2395208109387668
513,3,-1.0432788060066092,0,-0.8209591021193487,False,0.8564892318393321,-2.4628773063580462,-0.0,-1.2180874752694109
514,3,0.8032002608866171,0,-0.6331972544104215,False,-0.5085841999351403,-1.8995917632312644,-0.0,-1.5792866962619942
515,1,1.957249677694884,0,0.5036031274312862,False,0.9856770588510204,0.5036031274312862,0.5036031274312862,0.0
516,3,-0.812468922644956,0,-0.8160407306065733,False,0.6630077332303254,-2.44812219181972,-0.8160407306065733,-0.0
517,1,1.187883399822706,0,0.365260935704026,False,0.4338874021265213,0.365260935704026,0.365260935704026,0.0
518,1,0.4954537497377461,2,1.893171529876685,False,0.9379789333741492,1.893171529876685,0.0,0.5282141550402126
519,3,-0.1969759003472138,0,-0.798539974052802,False,0.1572931303522914,-2.395619922158406,-0.0,-1.2522854615840144
520,1,1.4956299109715772,0,1.4362199751817062,True,2.148053553616616,1.4362199751817062,0.0,0.6962721708932387
521,1,0.8801368886738349,0,2.010033264475824,True,1.769104423526663,2.010033264475824,0.0,0.4975042043698614
522,1,-0.812468922644956,0,1.0620380556287106,False,-0.8628729148646023,1.0620380556287106,1.0620380556287106,0.0
523,3,0.2646438663760928,0,-0.8160407306065733,False,-0.2159601740680951,-2.44812219181972,-0.8160407306065733,-0.0
524,1,-0.1969759003472138,0,1.0620380556287106,False,-0.2091959022104696,1.0620380556287106,1.0620380556287106,0.0
525,1,-0.0431026447727782,0,0.4082334475616762,True,-0.0175959412746175,0.4082334475616762,0.4082334475616762,0.0
526,1,0.4185171219505283,0,0.3553757823476229,False,0.1487308496390445,0.3553757823476229,0.3553757823476229,0.0
527,3,-0.0431026447727782,1,-0.5401781836878246,False,0.0232831083655008,-1.6205345510634737,-0.0,-1.851240998244224
528,2,0.0338339830144394,0,0.1329851701219792,False,0.0044994179870793,0.2659703402439584,0.0,7.519635453207008
529,3,0.3415804941633105,0,-0.7841792430073967,False,-0.2678603333390774,-2.35253772902219,-0.7841792430073967,-0.0
530,3,-0.0431026447727782,0,-0.8019236166026618,True,0.0345650287813261,-2.4057708498079853,-0.8019236166026618,-0.0
531,1,-0.812468922644956,0,0.4870824563024251,False,-0.3957393585112901,0.4870824563024251,0.0,2.053040480232589
532,1,0.4185171219505283,0,2.0186331792044068,False,0.8448325484344734,2.0186331792044068,0.0,0.4953847040174603
533,3,-0.0431026447727782,2,1.3361591794576348,False,-0.0575919944720493,4.0084775383729045,1.3361591794576348,0.0
534,2,0.8032002608866171,0,-0.1485253917280838,False,-0.1192956333842839,-0.2970507834561676,-0.0,-6.732855496053984
535,1,2.4958060722054083,0,0.365260935704026,False,0.9116204612695374,0.365260935704026,0.365260935704026,0.0
536,3,-0.3508491559216493,0,-0.798539974052802,False,0.2801670758661213,-2.395619922158406,-0.0,-1.2522854615840144
537,3,-0.2739125281344315,0,-0.7841792430073967,False,0.2147965189627008,-2.35253772902219,-0.7841792430073967,-0.0
538,3,-0.8894055504321737,1,-0.2316612596882322,True,0.2060408101868229,-0.6949837790646967,-0.0,-4.3166475108777
539,2,0.3415804941633105,0,0.1329851701219792,False,0.0454251401266575,0.2659703402439584,0.1329851701219792,0.0
540,3,1.4186932831843593,0,-0.806763380796033,False,-1.1445497894544376,-2.420290142388099,-0.806763380796033,-0.0
541,3,-0.120039272559996,0,-0.8019236166026618,False,0.0962623275856646,-2.4057708498079853,-0.8019236166026618,-0.0
542,3,-0.4277857837088671,0,0.2711522804976662,False,-0.1159950908171407,0.8134568414929986,0.2711522804976662,0.0
543,2,-0.9663421782193916,0,-0.4102164299119116,True,0.396409438422459,-0.8204328598238232,-0.0,-2.437737562619655
544,1,0.6493270053121817,0,1.3612199269233831,True,0.8838768587204273,1.3612199269233831,0.0,0.7346351461811103
545,3,-0.0431026447727782,0,-0.8823470582632056,True,0.0380314918186248,-2.6470411747896168,-0.8823470582632056,-0.0
546,3,0.8032002608866171,0,-0.8019236166026618,False,-0.6441052580663974,-2.4057708498079853,-0.8019236166026618,-0.0
547,3,-0.5816590392833026,0,-0.6811127586453682,False,0.3961753928372649,-2.0433382759361045,-0.6811127586453682,-0.0
548,3,-2.120391595027658,1,-0.5401781836878246,False,1.1453892805089696,-1.6205345510634737,-0.0,-1.851240998244224
549,1,-0.120039272559996,0,1.5060857797883969,True,-0.1807894414187535,1.5060857797883969,1.5060857797883969,0.0
550,3,-0.8894055504321737,0,-0.8189865811572414,False,0.7284112110107205,-2.4569597434717245,-0.8189865811572414,-0.0
551,3,-0.120039272559996,0,0.2021859271819739,False,-0.0242702516207924,0.606557781545922,0.2021859271819739,0.0
552,2,-0.812468922644956,0,0.3444394801955362,False,-0.2798463733908559,0.6888789603910724,0.0,2.903267649319137
553,3,-0.0431026447727782,0,-0.7841792430073967,False,0.0338001993495339,-2.35253772902219,-0.7841792430073967,-0.0
554,1,2.3419328166309725,0,1.4163815756188534,True,3.317070492813276,1.4163815756188534,0.0,0.7060244338204374
555,3,-0.7355322948577382,0,-0.806763380796033,False,0.5934005208840935,-2.420290142388099,-0.806763380796033,-0.0
556,1,1.187883399822706,0,0.6557188297748954,False,0.7789175128407689,0.6557188297748954,0.6557188297748954,0.0
557,3,-0.0431026447727782,0,-0.7841792430073967,False,0.0338001993495339,-2.35253772902219,-0.0,-1.2752186555779157
558,2,-0.4277857837088671,0,-0.3336984726090336,False,0.1427514626275073,-0.6673969452180673,-0.0,-2.9967173424003524
559,3,-0.0431026447727782,0,-0.8189865811572414,False,0.0353004876812927,-2.4569597434717245,-0.8189865811572414,-0.0
560,3,-0.0431026447727782,0,-0.1640522996256444,False,0.0070710879949215,-0.4921568988769333,-0.0,-6.095617082369025
561,3,0.7262636330993993,5,0.5286989276421437,False,0.3839748040051397,1.586096782926431,0.5286989276421437,0.0
562,3,-0.2739125281344315,0,-0.806763380796033,False,0.2209825972401225,-2.420290142388099,-0.0,-1.2395208109387668
563,2,-0.4277857837088671,1,0.3819897971587497,False,-0.1634098047463469,0.7639795943174994,0.0,2.617870967858374
564,2,0.4954537497377461,0,-0.3336984726090336,False,-0.1653321595359042,-0.6673969452180673,-0.0,-2.9967173424003524
565,1,0.5723903775249639,1,0.4770416648490861,True,0.2730540586381057,0.4770416648490861,0.4770416648490861,0.0
566,1,-0.0431026447727782,1,1.0976780669265336,False,-0.0473128277936043,1.0976780669265336,0.0,0.9110139212309952
567,2,-0.120039272559996,0,-0.5368057694182641,False,0.0644377740669773,-1.0736115388365282,-0.5368057694182641,-0.0
568,3,-0.812468922644956,0,-0.8019236166026618,False,0.6515380168247114,-2.4057708498079853,-0.8019236166026618,-0.0
569,3,1.0340101442482703,0,-0.9850567418873892,False,-1.0185586637717106,-2.9551702256621675,-0.9850567418873892,-0.0
570,1,-0.3508491559216493,0,1.6111475224786775,True,-0.5652697483269006,1.6111475224786775,1.6111475224786775,0.0
571,3,1.3417566553971416,0,-0.6811127586453682,False,-0.91388757698833,-2.0433382759361045,-0.6811127586453682,-0.0
572,1,-1.0432788060066092,0,1.5584783893656835,False,-1.625927473244534,1.5584783893656835,0.0,0.6416515024035784
573,2,-2.2104074495387027,1,0.0215876679544729,False,-0.0477175420647349,0.0431753359089458,0.0215876679544729,0.0
574,3,-0.5816590392833026,0,-0.8955045384601199,False,0.5208783095145507,-2.68651361538036,-0.8955045384601199,-0.0
575,3,-0.812468922644956,0,-0.8019236166026618,False,0.6515380168247114,-2.4057708498079853,-0.8019236166026618,-0.0
576,2,-0.120039272559996,0,-0.2974659859684506,False,0.0357076005669948,-0.5949319719369013,-0.2974659859684506,-0.0
577,3,-1.1971520615810447,1,0.7678594338107121,False,-0.9192445041909476,2.303578301432136,0.7678594338107121,0.0
578,3,0.4954537497377461,0,-0.8019236166026618,False,-0.3973160628490434,-2.4057708498079853,-0.8019236166026618,-0.0
579,1,-0.0431026447727782,0,0.4870824563024251,False,-0.0209945420890557,0.4870824563024251,0.4870824563024251,0.0
580,3,0.9570735164610528,0,-0.830854756854953,False,-0.7951890838115628,-2.492564270564859,-0.830854756854953,-0.0
581,1,-0.0431026447727782,0,1.0408277503255374,False,-0.0448624287919316,1.0408277503255374,1.0408277503255374,0.0
582,1,-0.1969759003472138,0,1.4362199751817062,True,-0.2829007227080696,1.4362199751817062,1.4362199751817062,0.0
583,3,-0.0431026447727782,0,-0.8189865811572414,False,0.0353004876812927,-2.4569597434717245,-0.8189865811572414,-0.0
584,2,-1.8895817116660047,2,0.4092826615690944,False,-0.7733730322029476,0.8185653231381889,0.0,2.443299201012408
585,3,-0.5816590392833026,0,-0.5980700220174994,False,0.3478728344308423,-1.7942100660524982,-0.0,-1.6720450167802263
586,3,-0.0431026447727782,0,-0.8189865811572414,False,0.0353004876812927,-2.4569597434717245,-0.8189865811572414,-0.0
587,2,0.0338339830144394,0,-0.3336984726090336,False,-0.0112903484541984,-0.6673969452180673,-0.0,-2.9967173424003524
588,1,2.4958060722054083,0,0.365260935704026,False,0.9116204612695374,0.365260935704026,0.365260935704026,0.0
589,2,0.3415804941633105,0,-0.3336984726090336,False,-0.1139848891753356,-0.6673969452180673,-0.3336984726090336,-0.0
590,3,-0.120039272559996,0,-0.8019236166026618,False,0.0962623275856646,-2.4057708498079853,-0.8019236166026618,-0.0
591,3,-0.0431026447727782,0,-0.8189865811572414,False,0.0353004876812927,-2.4569597434717245,-0.8189865811572414,-0.0
592,3,1.1109467720354882,1,-0.1271726679199301,False,-0.1412820649167874,-0.3815180037597904,-0.1271726679199301,-0.0
593,3,1.187883399822706,0,-0.8189865811572414,False,-0.9728605644342384,-2.4569597434717245,-0.0,-1.2210212267299712
594,2,-0.812468922644956,0,-0.3336984726090336,False,0.2711196385289289,-0.6673969452180673,-0.3336984726090336,-0.0
595,2,-0.8894055504321737,0,1.3924082286355357,False,-1.2384156070158765,2.784816457271071,1.3924082286355357,0.0
596,3,0.1107706108016572,0,-0.8160407306065733,False,-0.0903933301683207,-2.44812219181972,-0.8160407306065733,-0.0
597,2,-0.0431026447727782,0,-3.0585777291682934,False,0.1318327893702718,-6.117155458336587,-3.0585777291682934,-0.0
598,3,-0.6585956670705204,0,-0.8797405693934278,False,0.5793933271486641,-2.639221708180284,-0.8797405693934278,-0.0
599,2,-0.3508491559216493,0,-0.3336984726090336,False,0.117077827447223,-0.6673969452180673,-0.3336984726090336,-0.0
600,3,0.187707238588875,0,-0.7491276790090223,False,-0.1406166879772767,-2.247383037027067,-0.7491276790090223,-0.0
601,2,0.0338339830144394,0,0.2649756723419896,True,0.0089651823972585,0.5299513446839793,0.2649756723419896,0.0
602,3,0.8032002608866171,0,-0.8828741679067217,True,-0.7091247619927339,-2.648622503720165,-0.8828741679067217,-0.0
603,3,0.2646438663760928,0,-0.8019236166026618,True,-0.2122241664360278,-2.4057708498079853,-0.8019236166026618,-0.0
604,3,0.4954537497377461,0,-0.8494271027413144,False,-0.4208518431820539,-2.548281308223943,-0.8494271027413144,-0.0
605,1,1.3417566553971416,1,1.0515683442816504,False,1.4109488245448571,1.0515683442816504,0.0,0.9509605395007608
606,2,0.3415804941633105,0,0.3444394801955362,False,0.117653807854545,0.6888789603910724,0.3444394801955362,0.0
607,3,-0.812468922644956,0,-0.7841792430073967,False,0.6371212647267567,-2.35253772902219,-0.7841792430073967,-0.0
608,3,-0.0431026447727782,0,-0.7841792430073967,False,0.0338001993495339,-2.35253772902219,-0.7841792430073967,-0.0
609,2,1.5725665387587948,0,-0.5368057694182641,False,-0.8441627907998313,-1.0736115388365282,-0.0,-1.8628711853892683
610,3,-0.0431026447727782,0,0.233525933939218,False,-0.0100655853758134,0.7005778018176543,0.0,4.282179641171156
611,3,-0.0431026447727782,0,-0.8189865811572414,False,0.0353004876812927,-2.4569597434717245,-0.8189865811572414,-0.0
612,2,-0.0431026447727782,0,-3.0585777291682934,False,0.1318327893702718,-6.117155458336587,-3.0585777291682934,-0.0
613,3,-0.0431026447727782,0,-0.7841792430073967,False,0.0338001993495339,-2.35253772902219,-0.7841792430073967,-0.0
614,3,0.4185171219505283,0,-0.7841792430073967,False,-0.3281924398767996,-2.35253772902219,-0.7841792430073967,-0.0
615,2,0.4185171219505283,0,0.3444394801955362,False,0.1441538199375718,0.6888789603910724,0.3444394801955362,0.0
616,1,-0.8894055504321737,0,2.549704552245297,True,-2.267721380729148,2.549704552245297,0.0,0.3922023040353398
617,3,-1.0432788060066092,2,0.936361092700485,False,-0.9768856827836058,2.809083278101455,0.0,1.0679640662086665
618,3,-0.6585956670705204,0,-0.830854756854953,False,0.5471973428296029,-2.492564270564859,-0.0,-1.2035797974910982
619,1,-0.0431026447727782,0,0.5198636196706229,False,-0.0224074969289535,0.5198636196706229,0.5198636196706229,0.0
620,3,0.8801368886738349,0,-0.2550339477875714,False,-0.2244647853119583,-0.7651018433627141,-0.2550339477875714,-0.0
621,1,-1.1971520615810447,2,1.893171529876685,False,-2.266414199918414,1.893171529876685,0.0,0.5282141550402126
622,1,-0.6585956670705204,1,1.443609675522841,False,-0.950755077240423,1.443609675522841,1.443609675522841,0.0
